ProductId,ProductName,ProductQuantity,CostPrice
60001,Red Sauce,31 ml,47.59
60002,Possible Sauce,45 ml,44.15
60003,Why Ingredient,70 ml,32.72
60004,Word Ingredient,65 L,17.77
60005,Drug Ingredient,69 ml,62.78
60006,Study Spice,50 kg,95.64
60007,Claim Spice,84 g,27.47
60008,Yet Beverage,97 ml,7.49
60009,Focus Ingredient,37 ml,21.45
60010,Opportunity Spice,64 g,88.49
60011,Many Snack,38 ml,99.9
60012,Entire Spice,39 kg,89.99
60013,Indicate Beverage,14 L,45.49
60014,Hold Beverage,35 g,31.98
60015,Subject Spice,21 L,87.01
60016,Surface Spice,92 L,66.66
60017,Fish Snack,7 ml,62.3
60018,Suffer Spice,71 L,48.38
60019,Vote Snack,19 L,24.98
60020,Happy Snack,75 L,31.16
60021,Article Beverage,15 L,93.44
60022,Fly Snack,55 g,47.62
60023,Toward Beverage,87 kg,42.14
60024,Almost Snack,2 L,1.66
60025,Where Ingredient,11 ml,53.88
60026,Campaign Ingredient,8 kg,65.69
60027,Local Snack,43 g,78.56
60028,Piece Sauce,51 L,8
60029,Perform Sauce,61 ml,43.11
60030,Off Spice,45 ml,37.88
60031,Likely Sauce,85 g,53.98
60032,Especially Snack,34 g,47.14
60033,Situation Spice,25 g,96.52
60034,Area Ingredient,85 L,77.97
60035,Executive Sauce,88 L,33.14
60036,Indeed Beverage,72 ml,10.82
60037,These Ingredient,15 ml,70.24
60038,Exist Sauce,98 ml,85.72
60039,Something Sauce,92 kg,59.73
60040,Democrat Snack,47 kg,42.08
60041,Rather Spice,19 g,80.44
60042,Report Sauce,18 g,27.12
60043,Reflect Sauce,2 kg,42.67
60044,Very Beverage,5 kg,11.83
60045,Order Spice,46 kg,68.18
60046,Support Beverage,82 g,16.25
60047,Old Snack,30 g,2.32
60048,Hard Ingredient,69 g,22.05
60049,Full Sauce,37 L,80.73
60050,Four Ingredient,38 L,55.99
60051,Most Ingredient,27 kg,76.36
60052,Challenge Ingredient,20 L,61.59
60053,Win Snack,65 g,8.3
60054,Security Sauce,28 g,79.47
60055,Job Ingredient,22 L,14.18
60056,Meeting Sauce,65 L,73.83
60057,Skin Ingredient,45 ml,74.17
60058,Throughout Ingredient,48 g,11.59
60059,Wish Ingredient,13 kg,80.19
60060,Form Sauce,38 g,87.29
60061,Decade Beverage,22 L,95.08
60062,Bill Snack,12 L,75.27
60063,Which Spice,48 L,21.62
60064,Fine Sauce,62 ml,79.68
60065,Example Snack,3 kg,71.87
60066,Manage Spice,100 g,73.33
60067,Close Sauce,3 kg,73.07
60068,Kid Ingredient,33 L,83.56
60069,Thought Ingredient,40 L,92.02
60070,Enough Beverage,41 g,90.49
60071,Black Ingredient,55 kg,3.63
60072,Operation Snack,8 ml,62.95
60073,Way Beverage,73 kg,45.82
60074,Question Sauce,46 L,16.69
60075,While Snack,91 kg,96.76
60076,Key Sauce,12 ml,26.57
60077,Across Sauce,17 ml,81.63
60078,South Spice,73 L,41.83
60079,And Beverage,49 kg,16.32
60080,Line Ingredient,37 L,72.64
60081,Kind Snack,27 ml,0.4
60082,Child Ingredient,11 g,70.92
60083,Cultural Beverage,17 kg,69.31
60084,Home Ingredient,30 kg,66.39
60085,Above Ingredient,39 kg,8.85
60086,Fast Sauce,30 kg,26.22
60087,Appear Snack,35 kg,79.18
60088,International Spice,81 kg,67.63
60089,Add Ingredient,78 ml,79.03
60090,Instead Spice,81 kg,27.57
60091,Interest Snack,27 ml,11.74
60092,Detail Ingredient,8 kg,87.23
60093,Affect Spice,43 g,80.35
60094,Certainly Snack,67 L,66.68
60095,Stuff Sauce,49 kg,74.52
60096,Yourself Spice,81 kg,95.01
60097,Not Spice,5 ml,95.89
60098,Professor Spice,71 g,60.72
60099,Window Sauce,54 L,39.97
60100,Note Beverage,85 g,33.1
60101,Specific Beverage,53 kg,79.76
60102,Itself Ingredient,71 kg,64.13
60103,Wall Beverage,4 L,43.19
60104,Recent Sauce,1 kg,94.58
60105,Least Snack,63 L,66.25
60106,Actually Ingredient,12 g,72.68
60107,East Spice,87 L,92.65
60108,Measure Ingredient,97 ml,98.49
60109,Record Ingredient,71 g,9.55
60110,Officer Spice,12 L,5.83
60111,Early Spice,18 L,36.42
60112,Maintain Snack,23 L,42.71
60113,Us Snack,69 kg,84.97
60114,Range Spice,43 L,68.86
60115,Long Snack,95 kg,67.76
60116,Also Beverage,46 L,85.72
60117,Nearly Sauce,62 ml,44.09
60118,Quickly Spice,18 kg,97.15
60119,Can Spice,87 L,37.53
60120,Leader Sauce,53 g,32.67
60121,Among Spice,72 L,29.54
60122,Rich Ingredient,8 g,90.97
60123,It Beverage,73 ml,38.55
60124,Coach Snack,85 kg,76.1
60125,Science Beverage,62 ml,23.37
60126,Here Ingredient,42 L,51.72
60127,Able Beverage,81 ml,21.91
60128,Republican Spice,97 L,23.39
60129,Before Spice,19 kg,50.15
60130,Me Ingredient,66 ml,24.1
60131,About Snack,67 g,50.9
60132,Sort Spice,24 kg,95.7
60133,Site Beverage,63 L,91.9
60134,Small Beverage,29 kg,10.47
60135,Discussion Beverage,3 L,32.09
60136,Five Ingredient,47 kg,93.71
60137,Though Ingredient,37 ml,36.24
60138,Reduce Beverage,91 kg,77.12
60139,Partner Sauce,15 ml,85.41
60140,Call Spice,44 ml,23.94
60141,Top Ingredient,33 L,54.97
60142,Important Spice,48 L,82.52
60143,Exactly Ingredient,70 kg,33.64
60144,Rest Snack,71 L,52.15
60145,Common Snack,2 L,61.65
60146,Age Snack,35 kg,68.56
60147,Leave Sauce,62 ml,10.92
60148,Name Ingredient,51 ml,82.49
60149,Service Beverage,6 kg,28.91
60150,Type Sauce,79 L,60.96
60151,Whose Beverage,99 L,70.29
60152,Serious Ingredient,3 L,26.04
60153,Particular Beverage,85 L,94.56
60154,Ball Snack,65 kg,12.46
60155,Start Beverage,81 L,14.05
60156,Music Beverage,27 ml,97.44
60157,Far Snack,22 g,87.99
60158,Despite Spice,50 L,24.96
60159,Work Ingredient,90 g,17.51
60160,Staff Spice,75 ml,4.18
60161,Tax Ingredient,91 g,28.35
60162,Choice Spice,28 g,45.28
60163,Foot Spice,88 kg,35.44
60164,Training Snack,63 g,57.74
60165,Season Snack,12 L,32.18
60166,Ok Sauce,1 L,70.92
60167,Fight Snack,40 L,91.92
60168,Board Beverage,69 g,42.11
60169,Fear Ingredient,28 L,40.7
60170,Unit Spice,14 ml,80.8
60171,Air Snack,68 g,86.35
60172,Computer Snack,32 ml,67.33
60173,Author Spice,27 g,41.87
60174,Management Snack,33 g,23.91
60175,So Spice,86 ml,43.57
60176,Huge Snack,52 ml,31.33
60177,Others Snack,19 L,75.92
60178,Threat Snack,55 ml,68.67
60179,Event Spice,40 kg,73.7
60180,Create Beverage,27 L,0.99
60181,Idea Sauce,1 ml,54.15
60182,Tough Snack,95 g,65.63
60183,Yes Snack,53 L,49.69
60184,Another Spice,17 kg,41.75
60185,I Beverage,21 kg,55.26
60186,Sign Spice,25 ml,8.65
60187,Run Ingredient,2 L,20.94
60188,Assume Sauce,10 ml,71.4
60189,Represent Sauce,27 ml,79.9
60190,Prepare Sauce,75 L,92.85
60191,Customer Spice,7 L,32.21
60192,Whether Spice,35 ml,42.74
60193,Along Snack,99 g,98.73
60194,His Sauce,60 L,52.01
60195,Expert Spice,71 g,93.89
60196,Short Ingredient,35 L,46.29
60197,Give Spice,64 ml,93.22
60198,Energy Beverage,35 ml,7.99
60199,Too Snack,52 g,55.84
60200,No Snack,65 ml,39.47
60201,Sense Beverage,45 kg,58.7
60202,May Sauce,98 ml,36.1
60203,Treat Ingredient,27 g,37.62
60204,View Ingredient,29 g,2.93
60205,Government Ingredient,87 kg,34.07
60206,Body Spice,49 kg,95.29
60207,Agent Snack,97 kg,29.16
60208,Party Sauce,2 ml,92.06
60209,Teacher Sauce,98 L,79.6
60210,Clearly Snack,85 L,80.45
60211,According Beverage,71 kg,21.88
60212,From Snack,20 ml,53.72
60213,Degree Spice,77 g,58.66
60214,Authority Sauce,96 g,82.95
60215,Never Snack,48 kg,61.07
60216,Street Beverage,51 g,23.41
60217,Stand Ingredient,10 g,99.07
60218,Imagine Snack,62 ml,10.02
60219,Wind Snack,79 g,75
60220,Leg Sauce,57 g,0.75
60221,Then Ingredient,21 kg,21.04
60222,Sister Spice,40 g,62.97
60223,Dinner Spice,41 kg,99.32
60224,Public Spice,55 ml,92.32
60225,Against Snack,91 g,62.7
60226,Person Spice,62 ml,77.07
60227,Factor Ingredient,93 ml,27.52
60228,How Spice,43 L,95.01
60229,Hotel Beverage,69 g,81.64
60230,Until Beverage,66 kg,33.56
60231,Figure Beverage,73 L,92.99
60232,Medical Spice,68 g,14.76
60233,Become Beverage,48 L,7.82
60234,Couple Beverage,24 L,55.13
60235,Wrong Ingredient,87 kg,11.06
60236,Base Beverage,99 ml,28.13
60237,Few Sauce,60 kg,16.42
60238,Hospital Snack,19 L,35.48
60239,Political Spice,17 L,47.92
60240,After Sauce,89 kg,46.23
60241,Rock Beverage,12 g,98.88
60242,Turn Spice,59 L,80.58
60243,Social Ingredient,14 g,52.71
60244,Get Spice,96 kg,36.67
60245,Total Snack,69 kg,69.68
60246,There Ingredient,47 g,98.51
60247,Successful Sauce,41 ml,9.96
60248,Ground Snack,98 L,90.47
60249,Learn Snack,59 kg,89.53
60250,Carry Sauce,70 g,74.31
60251,Clear Ingredient,79 kg,75.3
60252,Several Spice,98 L,68.03
60253,Tonight Ingredient,48 L,41.82
60254,Determine Ingredient,27 L,27.12
60255,Star Snack,17 ml,97.25
60256,Quite Beverage,87 L,86.4
60257,Sit Spice,60 g,79.76
60258,Offer Beverage,47 g,9.67
60259,Economy Spice,11 L,87.15
60260,Consumer Snack,97 kg,11.11
60261,Wide Beverage,15 ml,85.78
60262,Eat Ingredient,11 g,4.96
60263,Fact Spice,76 g,37.03
60264,Hear Spice,91 kg,91.57
60265,Her Sauce,50 ml,4.51
60266,Include Spice,1 kg,86.3
60267,Ready Ingredient,47 g,68.68
60268,Audience Ingredient,74 kg,43.18
60269,Nice Beverage,23 kg,18.32
60270,Have Beverage,4 ml,35.47
60271,Fund Spice,67 L,16.39
60272,Nothing Beverage,93 ml,68.08
60273,Process Ingredient,90 kg,47.64
60274,Next Sauce,43 g,15.25
60275,Second Ingredient,9 ml,37.96
60276,Glass Sauce,78 L,43.98
60277,We Spice,39 ml,45.06
60278,Risk Beverage,48 g,31.39
60279,Could Beverage,73 kg,9
60280,Design Ingredient,15 g,11.05
60281,Large Ingredient,17 ml,49.75
60282,Box Sauce,76 ml,48.29
60283,Peace Snack,71 ml,72.47
60284,Wait Spice,19 kg,27.47
60285,Special Sauce,50 ml,39.59
60286,Your Spice,19 g,29.32
60287,Certain Snack,51 g,65.98
60288,Interview Sauce,1 L,46.53
60289,Identify Spice,55 ml,77.06
60290,Ask Sauce,8 L,29.29
60291,Baby Spice,74 kg,89.26
60292,Change Ingredient,10 ml,39.22
60293,Group Snack,81 L,45.65
60294,Man Beverage,27 ml,22.56
60295,Film Sauce,46 kg,1.15
60296,Market Sauce,53 ml,34.06
60297,Realize Ingredient,17 ml,76.37
60298,Simply Sauce,68 kg,77.5
60299,Head Ingredient,18 ml,21.32
60300,Say Spice,26 kg,49.22
60301,Daughter Beverage,8 g,63.77
60302,Center Spice,2 ml,51.66
60303,Blood Ingredient,19 ml,46.27
60304,One Snack,85 L,71.51
60305,Everyone Beverage,36 kg,32.21
60306,Live Ingredient,61 ml,76.92
60307,Course Beverage,77 kg,1.12
60308,Project Beverage,57 L,8.19
60309,Human Ingredient,30 L,8.07
60310,Drop Snack,96 L,94.55
60311,Part Ingredient,61 ml,99.28
60312,Firm Snack,81 g,39.94
60313,Bar Sauce,34 ml,9.1
60314,Budget Ingredient,48 kg,75.51
60315,Mr Spice,93 L,28.77
60316,Feel Spice,65 ml,73.31
60317,In Sauce,64 kg,8.77
60318,Sound Snack,85 L,18.7
60319,Rate Spice,98 kg,95.11
60320,Blue Spice,93 ml,64.59
60321,All Sauce,52 kg,50.99
60322,Between Beverage,85 L,40.77
60323,Begin Sauce,77 ml,26.13
60324,Pull Beverage,2 L,52.82
60325,Face Snack,17 ml,35.71
60326,Student Sauce,46 ml,47.8
60327,Character Sauce,67 kg,36.89
60328,Them Sauce,38 kg,3.09
60329,Charge Beverage,18 g,99.94
60330,Civil Ingredient,32 L,40.42
60331,For Spice,94 kg,84.56
60332,Agreement Beverage,90 ml,60.17
60333,Particularly Snack,52 ml,77.22
60334,Up Ingredient,80 ml,76.48
60335,Moment Ingredient,30 ml,61.59
60336,Any Beverage,18 g,41.88
60337,Mother Ingredient,37 ml,69.36
60338,Every Ingredient,26 L,95.48
60339,Health Ingredient,47 ml,18.97
60340,Current Sauce,87 ml,42.42
60341,Notice Sauce,18 g,39.26
60342,Now Spice,29 kg,5.56
60343,At Sauce,81 L,80.62
60344,Dream Spice,20 ml,17.08
60345,Young Ingredient,31 g,65.36
60346,Scene Ingredient,92 L,81.99
60347,Company Spice,58 kg,67.5
60348,Popular Sauce,53 ml,77.82
60349,History Spice,98 g,15.52
60350,Address Spice,83 g,2.69
60351,Plan Sauce,61 kg,75.28
60352,Natural Beverage,22 g,13.62
60353,Art Spice,97 ml,82.9
60354,Remain Snack,31 kg,38.04
60355,A Spice,18 ml,59.98
60356,Writer Beverage,77 g,14.78
60357,Want Ingredient,42 kg,75.48
60358,During Spice,82 L,29.44
60359,Today Sauce,4 kg,99.01
60360,Who Sauce,81 kg,76.44
60361,Various Spice,21 g,90.5
60362,Message Sauce,79 kg,90.47
60363,Push Snack,1 g,3.25
60364,Southern Snack,10 L,87.48
60365,North Sauce,65 ml,82.26
60366,Break Sauce,55 kg,18.96
60367,Outside Sauce,38 kg,67.96
60368,Gas Sauce,35 kg,96.43
60369,Than Spice,83 L,97.85
60370,Their Beverage,95 kg,30.31
60371,Mouth Spice,63 ml,20.22
60372,Prevent Ingredient,1 g,9.99
60373,Education Ingredient,35 kg,88.71
60374,Great Snack,48 kg,52.68
60375,State Ingredient,43 kg,87.21
60376,Upon Ingredient,22 g,87.97
60377,Sea Spice,48 ml,66.64
60378,Activity Snack,87 kg,25.62
60379,Buy Ingredient,7 L,44.28
60380,Matter Sauce,76 ml,73.89
60381,Smile Sauce,52 ml,26.36
60382,Production Beverage,71 kg,49.66
60383,Beautiful Snack,78 kg,42.49
60384,Commercial Beverage,43 g,42.83
60385,Garden Ingredient,72 kg,56.46
60386,Step Snack,74 g,39.71
60387,Gun Beverage,67 g,42.99
60388,Marriage Ingredient,60 g,8.64
60389,Benefit Sauce,41 g,22.15
60390,Practice Sauce,24 kg,91.73
60391,Spend Sauce,56 ml,53.56
60392,Thank Sauce,24 g,30.92
60393,Avoid Spice,11 ml,74.85
60394,By Ingredient,43 g,46.77
60395,Statement Ingredient,6 kg,21.81
60396,Property Snack,76 g,63.45
60397,Condition Spice,21 kg,12.71
60398,Serve Ingredient,57 ml,43.05
60399,Heavy Spice,92 L,12.04
60400,Less Sauce,22 ml,46.46
60401,Really Spice,12 L,16.17
60402,Official Ingredient,90 L,68.88
60403,Ahead Ingredient,65 g,77.22
60404,Only Beverage,59 ml,26.25
60405,Relationship Spice,48 L,70.8
60406,Put Ingredient,52 L,27
60407,Yeah Beverage,54 kg,60.52
60408,Store Ingredient,14 ml,69.11
60409,Year Spice,17 kg,26.4
60410,Capital Ingredient,97 L,9.64
60411,West Spice,75 L,42.39
60412,Often Spice,36 L,20.47
60413,Compare Ingredient,45 ml,91.66
60414,Finally Beverage,66 L,65.16
60415,Nation Spice,59 kg,8.23
60416,Main Ingredient,23 kg,39.18
60417,House Ingredient,72 L,0.67
60418,Big Sauce,59 kg,15.95
60419,Beat Spice,65 g,26.54
60420,Economic Snack,5 kg,49.25
60421,Month Sauce,46 g,8.99
60422,Alone Snack,47 kg,81.27
60423,Section Spice,4 kg,75.62
60424,Town Snack,4 ml,53.94
60425,Different Beverage,42 L,60.34
60426,News Beverage,95 ml,91.57
60427,Mention Sauce,11 kg,11.28
60428,Girl Ingredient,58 g,30.95
60429,Teach Beverage,7 L,78.73
60430,Citizen Ingredient,62 ml,58.49
60431,Its Beverage,71 L,78.31
60432,Near Spice,100 g,31.03
60433,Grow Beverage,57 kg,35.05
60434,Both Sauce,3 L,73.95
60435,Account Beverage,48 L,29.97
60436,Structure Beverage,4 ml,34.59
60437,Data Snack,83 kg,26.19
60438,Material Ingredient,64 ml,34.32
60439,Arm Beverage,67 L,23.14
60440,Painting Beverage,73 kg,79.41
60441,Life Sauce,51 L,1.18
60442,Bed Ingredient,74 kg,95.27
60443,Per Snack,62 kg,75.66
60444,Own Beverage,13 kg,99.38
60445,Produce Sauce,55 g,73.11
60446,Decide Sauce,92 g,64.32
60447,Growth Snack,43 g,77.55
60448,Move Snack,78 L,74.14
60449,Agency Ingredient,39 ml,9.53
60450,Go Sauce,29 g,32.31
60451,Weight Snack,72 g,17.53
60452,Require Beverage,55 g,90.3
60453,Population Ingredient,53 g,5.22
60454,Concern Beverage,22 g,67.28
60455,Simple Beverage,55 g,72.81
60456,Point Beverage,65 kg,57.96
60457,Case Spice,87 kg,61.7
60458,Goal Snack,21 L,64.66
60459,Rise Snack,25 kg,98.69
60460,Standard Snack,27 kg,36.06
60461,Admit Spice,76 g,28.51
60462,Maybe Spice,22 g,7
60463,Read Sauce,80 L,46.18
60464,Finish Ingredient,21 kg,16.22
60465,Day Beverage,3 L,65.93
60466,Attorney Sauce,51 g,83.43
60467,Help Snack,78 g,28.8
60468,National Beverage,38 L,44.49
60469,Class Snack,69 L,78.16
60470,Parent Ingredient,99 g,34.94
60471,Room Ingredient,68 g,99.88
60472,Cover Snack,66 g,55.35
60473,Truth Spice,27 kg,26.22
60474,Business Sauce,63 kg,68.6
60475,Expect Spice,51 kg,91.87
60476,Place Snack,61 g,19.14
60477,Out Spice,81 ml,54.48
60478,American Beverage,95 g,74.34
60479,Financial Sauce,6 L,68.49
60480,Result Ingredient,69 g,57.97
60481,Cold Spice,79 kg,30.45
60482,Career Ingredient,8 kg,60.18
60483,Pay Spice,44 kg,44.93
60484,None Beverage,37 L,74.53
60485,Environmental Sauce,46 ml,47.1
60486,City Spice,15 ml,84.38
60487,Wife Spice,20 ml,30.39
60488,Improve Beverage,79 g,43.27
60489,Describe Snack,30 kg,96.51
60490,Perhaps Ingredient,73 g,15
60491,She Snack,72 g,20.85
60492,Position Spice,100 kg,6.65
60493,Myself Ingredient,20 g,62.61
60494,Behind Sauce,8 kg,14.06
60495,Church Ingredient,70 kg,53.18
60496,Inside Spice,57 L,38.07
60497,Well Beverage,57 L,64.1
60498,Team Ingredient,57 kg,93.94
60499,Feeling Sauce,44 kg,9.38
60500,Series Ingredient,39 L,96.34
